RowNames,Number,Name,Year,Type,FirstLat,FirstLon,MaxLat,MaxLon,LastLat,LastLon,MaxInt
1,430,NOTNAMED,1944,1,30.2,-76.1,32.1,-74.8,35.1,-69.2,80
2,432,NOTNAMED,1944,0,25.6,-74.9,31,-78.1,32.6,-78.2,80
3,433,NOTNAMED,1944,0,14.2,-65.2,16.6,-72.2,20.6,-88.5,105
4,436,NOTNAMED,1944,0,20.8,-58,26.3,-72.3,42.1,-71.5,120
5,437,NOTNAMED,1944,0,20,-84.2,20.6,-84.9,19.1,-93.9,70
6,438,NOTNAMED,1944,1,29.2,-55.8,38,-53.2,50,-46.5,85
7,440,NOTNAMED,1944,0,16.1,-80.8,21.9,-82.9,28.4,-82.1,105
8,441,NOTNAMED,1945,1,27.6,-85.6,27.6,-85.6,31.7,-79.1,100
9,445,NOTNAMED,1945,0,21.6,-95.2,28.6,-96.1,29.5,-96,120
10,449,NOTNAMED,1945,0,19,-56.6,24.9,-79.6,28.9,-81.8,120
11,450,NOTNAMED,1945,0,16.2,-82.6,16.5,-85.6,16.4,-88.3,85
12,451,NOTNAMED,1945,0,19.6,-80.2,21.6,-79.3,29.9,-68,85
13,453,NOTNAMED,1946,1,36.5,-72.3,36.7,-70.8,39,-63,70
14,455,NOTNAMED,1946,0,26.4,-77.9,28.4,-75,40.7,-66,85
15,456,NOTNAMED,1946,0,19.6,-85.6,25.4,-83.2,27,-82.8,115
16,459,NOTNAMED,1947,0,21,-92.5,22,-96.4,22,-97.2,95
17,460,NOTNAMED,1947,0,26.5,-90.6,26.9,-91.2,29.2,-94.8,70
18,461,NOTNAMED,1947,0,14.1,-24,26.5,-75.4,30.4,-91,140
19,465,NOTNAMED,1947,0,24.1,-82.3,25.8,-80.6,31.8,-82.3,75
20,466,NOTNAMED,1947,0,19.7,-66.6,31.4,-66.9,37.5,-59,105
21,469,NOTNAMED,1948,0,20.9,-61,27.6,-70.4,37,-68.7,105
22,471,NOTNAMED,1948,0,25.8,-92.6,26.6,-91.9,28.8,-90.5,70
23,472,NOTNAMED,1948,0,14.3,-23,28.7,-64.6,46.9,-48.8,115
24,473,NOTNAMED,1948,0,18.5,-80.8,24.3,-81.7,37.1,-66.9,105
25,474,NOTNAMED,1948,0,19.4,-85.1,23.3,-82.5,32.2,-51.3,115
26,475,NOTNAMED,1948,1,25.9,-68.8,26.3,-70.8,30.1,-74.4,70
27,476,NOTNAMED,1949,0,22.3,-64.7,30.9,-76.2,44.2,-49.3,95
28,477,NOTNAMED,1949,0,23.4,-73,26.1,-79,28.3,-82.2,130
29,479,NOTNAMED,1949,0,20.9,-66.6,31.7,-63.5,45.5,-55.1,110
30,483,NOTNAMED,1949,0,23,-94.9,21.9,-95.9,20.3,-95.8,85
31,484,NOTNAMED,1949,0,16.4,-65.3,16.9,-66.6,18.2,-69.9,70
32,485,NOTNAMED,1949,0,22,-94.3,29.1,-95.4,29.1,-95.4,115
33,486,NOTNAMED,1949,0,24.2,-71.9,32.4,-68.3,35.7,-65.5,90
34,489,ABLE,1950,0,21,-62.5,26.1,-73.8,41.8,-67,120
35,490,BAKER,1950,0,16.5,-57.4,16.7,-60,30.8,-87.8,105
36,491,CHARLIE,1950,0,22,-52.8,29.2,-58,38.4,-58.1,100
37,492,DOG,1950,0,15.7,-56.5,26.7,-68.4,40.5,-68.8,160
38,493,EASY,1950,0,21,-82.8,27.4,-83.2,28.2,-82.2,110
39,494,FOX,1950,0,18.9,-50.2,24.6,-59.4,41.9,-42.8,120
40,495,GEORGE,1950,1,30.3,-63.8,33,-68,44.6,-56.7,95
41,497,ITEM,1950,1,21,-93.2,19.9,-95.3,18.8,-95.9,95
42,498,JIG,1950,0,25.4,-55.5,34.2,-58.2,41.9,-44.5,105
43,499,KING,1950,0,18.2,-79.6,21.9,-78.6,28.6,-81.5,105
44,501,LOVE,1950,3,27.5,-90.8,26.1,-92.2,27.1,-85.2,80
45,502,ABLE,1951,3,28.7,-78.6,34.4,-74.7,36.5,-69,100
46,504,CHARLIE,1951,0,15.4,-62.5,20.2,-87.2,22.2,-98,115
47,505,DOG,1951,0,14.1,-58.8,14.2,-62.8,14.9,-73.1,100
48,506,EASY,1951,0,16.6,-42.6,24,-66,39.6,-43.8,140
49,507,FOX,1951,0,15.2,-36.2,21.7,-50.7,49.6,-29.9,100
50,509,HOW,1951,1,29,-78.8,33.9,-75.2,41.2,-55.3,95
51,510,ITEM,1951,1,18.5,-82.1,19.1,-81.8,20.4,-81.2,70
52,511,JIG,1951,3,29.4,-75.3,30.6,-74.8,31.9,-73.6,70
53,513,ABLE,1952,0,21.9,-64.7,31.8,-80.5,33.1,-80.8,90
54,514,BAKER,1952,0,18.2,-59.3,26.8,-68.4,45.6,-51.7,105
55,515,CHARLIE,1952,0,24.5,-73.8,28.2,-74.8,40.5,-51,105
56,516,DOG,1952,0,16.6,-54,17,-54.6,17.5,-55,75
57,517,EASY,1952,0,17.5,-51,18.7,-50.5,18.7,-50.2,95
58,518,FOX,1952,0,16.8,-82.2,21.8,-81,25.3,-74,130
59,520,BARBARA,1953,0,29.2,-75.9,33.6,-76.3,43.1,-64.3,95
60,522,CAROL,1953,0,14.2,-49.5,18.9,-58.7,43.3,-67.3,130
61,523,DOLLY,1953,0,20.7,-69.4,22.8,-70.3,30.4,-67.6,100
62,524,EDNA,1953,0,20.9,-67,24.8,-71.1,39.2,-56.1,110
63,526,FLORENCE,1953,0,20.9,-85,23.4,-87,30.4,-86.1,110
64,527,GAIL,1953,0,14.8,-42.8,14.6,-44.2,14.3,-45.3,70
65,533,ALICE,1954,1,24,-95.7,24.4,-96.5,24.9,-97.2,70
66,535,CAROL,1954,0,28.9,-76.2,29.8,-76.6,43.1,-71.8,85
67,536,DOLLY,1954,0,24.8,-69.5,29,-70.2,44.3,-56.4,85
68,537,EDNA,1954,0,22.2,-70.8,26.6,-75.6,44.9,-67.9,105
69,538,FLORENCE,1954,0,20.8,-95.9,20.8,-95.9,20.5,-96.3,65
70,540,UNNAMED,1954,1,31,-53,35.2,-49.1,47.4,-31.7,85
71,541,HAZEL,1954,0,12.8,-61.1,30.2,-77.8,41,-77.4,120
72,543,ALICE2,1954,3,20.6,-55.2,17.6,-63.2,15.5,-65.2,70
73,545,CONNIE,1955,0,18,-54.9,19.6,-61.9,35.6,-76,125
74,546,DIANE,1955,0,24,-61.1,25.3,-60.8,33.5,-77.5,105
75,547,EDITH,1955,0,21.3,-56.3,27.7,-64.1,40.6,-52.6,85
76,549,FLORA,1955,0,21,-40.2,32.4,-55.4,46.6,-40.1,90
77,550,GLADYS,1955,0,23.6,-96.7,23.6,-96.7,23.4,-97.3,80
78,551,HILDA,1955,0,19.8,-68,21.8,-95,22.2,-97,110
79,552,IONE,1955,0,19.3,-62.3,28.9,-74.7,39.4,-67.8,105
80,553,JANET,1955,0,12.9,-59.2,18,-86.1,20,-96.3,150
81,555,KATIE,1955,0,14.3,-75.3,16.1,-72.9,17.1,-72.2,100
82,557,ANNA,1956,0,21.5,-96.7,21.9,-98.4,21.9,-98.4,70
83,558,BETSY,1956,0,14.1,-53,14.1,-53,39.5,-66.4,105
84,562,FLOSSY,1956,0,26.9,-91,29.5,-88.7,30.4,-86.4,80
85,563,GRETA,1956,1,23.3,-69.6,25.3,-61,31.9,-47.6,120
86,565,AUDREY,1957,0,22,-93.4,29.3,-93.8,29.3,-93.8,125
87,567,CARRIE,1957,0,14.5,-32.6,18,-45.7,44,-19.9,135
88,570,FRIEDA,1957,3,36.4,-65.2,36.4,-65.2,40.2,-59.7,70
89,574,CLEO,1958,0,12,-35.8,19.6,-49.8,46.6,-43.8,140
90,575,DAISY,1958,0,27,-76,31.5,-74.6,42,-65,110
91,576,ELLA,1958,0,16.3,-67.2,20,-76.3,20.6,-77.2,100
92,577,FIFI,1958,0,15.6,-55.7,17.5,-58.3,21.3,-63.4,80
93,579,HELENE,1958,0,26.7,-72,33.1,-78.2,49,-56.6,115
94,580,ILSA,1958,0,18.5,-57.1,21.4,-61.2,37.1,-54.9,115
95,581,JANICE,1958,0,27.2,-75.6,28.7,-74.7,43.3,-46.1,80
96,584,UNNAMED,1959,1,38.4,-65.3,41.2,-62.1,43.7,-60.6,70
97,585,CINDY,1959,3,32.3,-78.2,32.3,-78.2,32.4,-79.3,65
98,586,DEBRA,1959,3,28.3,-95.4,29.2,-95.1,29.6,-95.1,75
99,588,FLORA,1959,1,28.7,-41.3,28.7,-41.3,36.2,-30.7,65
100,589,GRACIE,1959,0,23.3,-73,30.5,-78.7,32.4,-80.4,120
101,590,HANNAH,1959,3,27,-54.9,29.6,-67.1,48.3,-17.6,110
102,592,JUDITH,1959,1,24.7,-84,30.9,-62.9,31.1,-57.3,70
103,594,ABBY,1960,0,13.8,-61,14.8,-66,16.5,-87.8,85
104,596,CLEO,1960,3,27.8,-71.8,37.7,-67.8,40,-66.8,80
105,597,DONNA,1960,0,12.2,-39.4,16.4,-58,43.1,-71.2,140
106,598,ETHEL,1960,3,25.6,-89.7,28.1,-88.9,29.1,-88.9,140
107,600,ANNA,1961,0,12.4,-65.7,13.7,-73.3,16.6,-88.3,100
108,601,BETSY,1961,0,15.9,-46.7,26.9,-52.9,50.8,-26.5,120
109,602,CARLA,1961,0,18.8,-85.1,27.2,-95.7,29.5,-97.2,150
110,603,DEBBIE,1961,0,15.2,-25.4,29.3,-45.9,55.7,-8.5,105
111,604,ESTHER,1961,0,16.8,-40.8,27,-68.6,40.9,-70.7,125
112,606,FRANCES,1961,0,24.3,-71.3,32.9,-66.3,42.2,-66.5,110
113,608,HATTIE,1961,0,12.8,-81.7,18.2,-85.2,17.2,-88.1,140
114,609,JENNY,1961,3,28,-51,28.3,-52.3,28.7,-52.5,70
115,611,ALMA,1962,1,35.2,-75.3,40.1,-70.4,41.5,-68.7,85
116,614,DAISY,1962,1,23.6,-66.3,28,-69.6,44.1,-64.8,95
117,615,ELLA,1962,3,28.1,-75.4,31.3,-73.6,39.5,-59.7,100
118,616,ARLENE,1963,0,13.3,-48.7,14.3,-49.9,44.8,-50.1,90
119,617,BEULAH,1963,0,17.9,-56.9,23.1,-59.6,49.4,-44.9,105
120,619,CINDY,1963,1,28,-93.9,28,-93.9,30,-94.6,70
121,620,DEBRA,1963,0,23,-48.9,23,-48.9,26.6,-48.2,65
122,621,EDITH,1963,0,13.2,-58.2,13.7,-59.6,19.5,-69.9,85
123,622,FLORA,1963,0,10.3,-56,15.9,-71.4,51.5,-41,125
124,623,GINNY,1963,3,33.5,-75,36.3,-70.3,49,-63,95
125,629,CLEO,1964,0,14.1,-51.3,16.7,-68,51.3,-48.8,135
126,630,DORA,1964,0,17.8,-56.5,26.1,-64.4,30.1,-83.5,115
127,631,ETHEL,1964,0,24.4,-54.3,27.7,-63.2,45.9,-30.7,100
128,633,GLADYS,1964,0,18.8,-52.1,25,-65.1,42.8,-64.2,125
129,634,HILDA,1964,0,23.4,-88.1,24.8,-91.1,29.6,-91.6,130
130,635,ISBELL,1964,1,21.7,-84.5,24,-82.9,33.4,-76.2,110
131,638,ANNA,1965,1,37.5,-51.6,41.1,-48.8,54.1,-12.6,80
132,639,BETSY,1965,1,21.2,-64.7,28.3,-89.2,30.8,-91.8,135
133,640,CAROL,1965,0,19.7,-40.6,38.7,-35.4,40.7,-19.7,85
134,642,ELENA,1965,1,27.3,-59.7,33,-56.3,43.5,-32.5,70
135,643,ALMA,1966,3,18.5,-84.1,24.2,-82.4,34.3,-73.5,110
136,644,BECKY,1966,3,37.6,-54.4,37.6,-54.4,39.5,-53.8,65
137,645,CELIA,1966,1,33.6,-67.9,33.6,-67.9,46.3,-59.9,70
138,646,DOROTHY,1966,3,33,-42.1,39.2,-40.1,42.4,-38,75
139,648,FAITH,1966,0,15.2,-39.8,23.3,-70.7,61.1,-6,110
140,651,INEZ,1966,0,15.8,-56,17,-67.1,22.8,-97.8,130
141,653,LOIS,1966,3,24.8,-49.8,24.8,-49.8,46.8,-22.1,70
142,654,ARLENE,1967,1,37.6,-55.8,43.3,-52,43.3,-52,75
143,655,BEULAH,1967,0,14.7,-62.9,24.2,-96.2,27.7,-98.4,140
144,656,CHLOE,1967,0,26.3,-39.4,27.9,-50.9,44.3,-18.1,95
145,657,DORIA,1967,3,30.5,-77,37.1,-64.9,37.8,-73.3,75
146,659,FERN,1967,3,22.6,-93.7,22.6,-93.7,22.6,-97.8,75
147,661,HEIDI,1967,1,30.8,-64.3,35.3,-46.9,39.3,-43.9,80
148,662,ABBY,1968,3,24.5,-83.6,24.5,-83.6,25.1,-83.3,65
149,663,BRENDA,1968,3,34.7,-68.4,34.7,-68.4,35.7,-56.6,65
150,665,DOLLY,1968,1,36.4,-66.6,39.8,-51.3,42,-34,70
151,667,SUBTROP1,1968,1,35.2,-52.6,37.6,-46.5,40.6,-43.1,70
152,669,GLADYS,1968,0,21.7,-83.5,31.3,-79.7,43.9,-62.9,75
153,671,BLANCHE,1969,1,35.5,-69.9,35.5,-69.9,44.3,-60.4,75
154,672,CAMILLE,1969,0,20.7,-83.8,28.3,-88.7,32.2,-90,165
155,673,DEBBIE,1969,0,15.5,-48,25.1,-63.3,53,-48,105
156,675,FRANCELIA,1969,0,17.3,-83.2,16.4,-86.7,16.1,-88.8,100
157,676,GERDA,1969,1,32,-78,37.8,-72.2,48.5,-66,110
158,677,HOLLY,1969,0,14.5,-49.5,14.5,-49.5,17,-53.1,75
159,678,INGA,1969,0,26.1,-64.7,31.9,-59.5,31.2,-51.2,100
160,679,UNNAMED,1969,3,37,-66,37,-66,44.5,-56,65
161,683,KARA,1969,3,32.2,-74.5,43.3,-50.8,46.1,-40,90
162,684,LAURIE,1969,3,24.3,-91,26.3,-89.6,24.7,-86.2,90
163,686,UNNAMED,1969,3,28,-38,28,-38,31.4,-35,65
164,687,MARTHA,1969,1,10.3,-81,10.3,-81,10,-81,80
165,688,ALMA,1970,1,16.8,-81.9,17.2,-81.6,17.2,-81.6,70
166,690,CELIA,1970,0,24.3,-87.2,27.5,-96.3,28.1,-97.8,110
167,693,ELLA,1970,1,23,-90.8,23.9,-97.9,24,-98.5,110
168,696,UNNAMED,1970,3,31.5,-66,39,-61,42.5,-57.5,90
169,697,UNNAMED,1970,3,37,-36.5,37,-36.5,37.8,-35.3,65
170,699,UNNAMED,1971,3,46,-49,46,-49,58,-43,75
171,700,BETH,1971,3,37.2,-69.9,39.7,-67.2,45.3,-61.5,75
172,703,EDITH,1971,0,13.2,-73.8,14.8,-83.2,29.5,-93.1,140
173,704,FERN,1971,1,26.4,-93.7,26.7,-94,28.5,-95.3,80
174,705,GINGER,1971,3,27.9,-63.3,33.3,-53.3,34.5,-76.5,95
175,707,IRENE,1971,0,11.4,-82.3,11.4,-82.3,11.4,-83.5,70
176,712,AGNES,1972,3,23.8,-85.6,26,-85.7,29.6,-85.6,75
177,713,BETTY,1972,3,38.8,-46.6,40.5,-42.6,40.9,-32.6,90
178,715,DAWN,1972,1,33.8,-70.4,35.2,-70.8,36.6,-73.5,70
179,718,ALICE,1973,1,30.6,-65.4,33.1,-65.1,40.3,-62.9,80
180,720,BRENDA,1973,0,19.8,-91.7,19,-92.1,19,-92.1,80
181,723,ELLEN,1973,1,26.9,-47,42.1,-45.2,48.6,-37,100
182,724,FRAN,1973,3,31.9,-55.2,36.8,-38.3,47.9,-6.5,70
183,730,BECKY,1974,1,33.7,-67.8,37.3,-61.8,43,-44.5,100
184,731,CARMEN,1974,0,17,-76,18.4,-86.8,30,-92.1,130
185,734,FIFI,1974,0,16.6,-80.2,16.3,-84.7,16.3,-88.2,95
186,735,GERTRUDE,1974,0,11,-53,11,-53,11,-56.6,65
187,738,BLANCHE,1975,1,35.9,-70,37.9,-68,41.2,-66.4,75
188,739,CAROLINE,1975,0,23.3,-94.2,24,-97,24.3,-97.8,100
189,740,DORIS,1975,3,34.9,-46.3,36.4,-44.5,42,-42.5,95
190,741,ELOISE,1975,0,19.5,-68.4,30.2,-86.3,30.2,-86.3,110
191,742,FAYE,1975,0,26.5,-60,32.7,-64.2,42.9,-40,90
192,743,GLADYS,1975,0,15.8,-44,35.3,-69.8,55,-40,120
193,748,BELLE,1976,1,26.6,-74.2,30.9,-75.3,38.8,-73.8,105
194,749,CANDICE,1976,3,41.2,-59.3,41.3,-56.4,49.9,-42.8,80
195,751,EMMY,1976,1,26.5,-62.1,35,-56.8,39.6,-25.8,90
196,752,FRANCES,1976,0,18.3,-51.6,26.3,-54.3,33.4,-35.6,100
197,754,GLORIA,1976,1,29.1,-59.8,33.1,-58.8,36.4,-51.7,90
198,755,HOLLY,1976,1,24.9,-58.1,24.9,-58.1,28.7,-56.7,65
199,756,ANITA,1977,1,26.5,-90.6,24.2,-97.1,23.1,-99.2,150
200,757,BABE,1977,1,28.7,-91.4,28.7,-91.4,29.5,-91.2,65
201,758,CLARA,1977,3,35.5,-67.7,35.5,-67.7,35.5,-64.6,65
202,759,DOROTHY,1977,1,35.5,-59.7,38.3,-57,42,-54,75
203,760,EVELYN,1977,1,39.2,-63.3,42.4,-61.5,47.4,-59.2,70
204,765,CORA,1978,0,14,-43.2,14,-44.9,13.2,-50.6,80
205,767,ELLA,1978,3,29.3,-68.8,40,-63,49,-45,120
206,768,FLOSSIE,1978,1,31.4,-44,31.8,-42.9,43.1,-35.9,85
207,769,GRETA,1978,0,14,-77.7,15.8,-84.3,17,-88.2,115
208,773,KENDRA,1978,1,26.2,-74.1,28.9,-72.6,29.3,-72.3,70
209,775,BOB,1979,1,26.2,-91.6,26.2,-91.6,29.1,-90.6,65
210,777,DAVID,1979,0,11.8,-48.5,16.6,-66.2,32.5,-81.1,150
211,779,FREDERIC,1979,0,12.9,-48.7,27.4,-87,32.2,-88.7,115
212,780,GLORIA,1979,1,24.4,-37.2,33.2,-47.8,43.4,-34,85
213,781,HENRI,1979,1,20.2,-94,20.4,-94.3,20.9,-95,75
214,783,ALLEN,1980,0,12.4,-51.4,21.8,-86.4,27.3,-99,165
215,784,BONNIE,1980,0,22,-38.7,23.7,-38.9,46.5,-38.4,85
216,785,CHARLEY,1980,3,39.6,-65.9,38.9,-66.7,38,-63.1,70
217,787,EARL,1980,0,30.4,-42.5,30.4,-42.5,45.2,-36,65
218,788,FRANCES,1980,0,13,-25.6,12.8,-29.8,45.7,-41,100
219,789,GEORGES,1980,1,40.2,-59,40.2,-59,48,-46.9,70
220,791,IVAN,1980,3,30.1,-30.5,28.1,-31.1,49.7,-27.5,90
221,792,JEANNE,1980,1,24.1,-87,24.1,-87.4,23.8,-89.8,85
222,793,KARL,1980,3,37.7,-44.7,37,-44.2,45,-32,75
223,797,DENNIS,1981,1,36.3,-73,37.1,-70.4,37.1,-70.4,70
224,798,EMILY,1981,3,34.6,-63.6,39.4,-59.9,42.3,-54.1,80
225,799,FLOYD,1981,0,21.7,-67.1,26.4,-69.1,31.4,-65.6,100
226,800,GERT,1981,0,24.8,-74.4,29,-72,34.1,-65.6,90
227,801,HARVEY,1981,0,20.2,-57.8,28.4,-62.6,37.5,-48.2,115
228,802,IRENE,1981,0,15.6,-50.1,25.8,-56.8,41.3,-36.1,105
229,804,KATRINA,1981,1,19.6,-80.8,20,-80.5,20.9,-79.5,75
230,806,ALBERTO,1982,1,24,-83.6,24,-83.6,24.8,-83.4,75
231,810,DEBBY,1982,1,25.6,-71,38.8,-62.3,50.8,-39,115
232,812,ALICIA,1983,3,27.4,-93.3,28.9,-95,29.7,-95.5,100
233,813,BARRY,1983,1,25.5,-96.4,25.4,-97.5,25.4,-97.5,70
234,814,CHANTAL,1983,3,32.8,-60,32.8,-60,34.4,-55.5,65
235,820,DIANA,1984,3,30.5,-80,33.9,-77.7,34,-78.3,115
236,824,HORTENSE,1984,3,29.7,-60.8,29.7,-60.8,30.2,-61.1,65
237,826,JOSEPHINE,1984,3,27.2,-72.4,31.4,-71.7,41.3,-56.6,90
238,827,KLAUS,1984,1,19.4,-64,19.9,-61.4,35,-55,80
239,828,LILI,1984,3,31.1,-52.4,31.1,-52.4,23.6,-57.1,70
240,830,BOB,1985,0,30.5,-80.5,30.5,-80.5,31.6,-80.5,65
241,831,CLAUDETTE,1985,3,35.2,-52.5,35.8,-40,36.4,-37,75
242,832,DANNY,1985,0,26.8,-91.5,28.9,-92.6,30,-92.7,80
243,833,ELENA,1985,0,25,-85,28.9,-84.8,30.2,-88.8,110
244,835,GLORIA,1985,0,17.7,-55.3,25.1,-70.9,41.9,-72.8,125
245,838,JUAN,1985,3,27.8,-91.2,29.4,-92,29.6,-91.3,75
246,839,KATE,1985,1,21.1,-65.3,25.2,-85.3,31.5,-83.5,105
247,841,BONNIE,1986,3,27.7,-92.2,29,-93.7,29.9,-94.3,75
248,842,CHARLEY,1986,3,34.4,-76.6,36.5,-75.8,37.4,-75.2,70
249,844,EARL,1986,1,25,-53.4,27.2,-55.4,41,-47.5,90
250,845,FRANCES,1986,1,27,-61,27.8,-59.6,29.7,-58,75
251,847,ARLENE,1987,3,36.5,-43,36.5,-43,48.5,-33,65
252,851,EMILY,1987,0,15.1,-66.3,16.7,-69.1,44.8,-42.5,110
253,852,FLOYD,1987,3,24,-82.9,24,-82.9,24.7,-81.5,65
254,856,DEBBY,1988,0,20.8,-96.6,20.8,-96.6,20.7,-97.3,65
255,859,FLORENCE,1988,3,27.4,-89.2,28.7,-89.3,28.7,-89.3,70
256,860,GILBERT,1988,0,15.9,-66.8,19.7,-83.8,24.4,-98.2,160
257,861,HELENE,1988,0,12.1,-38.8,15.3,-46.1,50.2,-34.5,125
258,863,JOAN,1988,0,11.8,-74,11.9,-83.2,12,-85,125
259,867,CHANTAL,1989,0,27.9,-92.8,28.7,-93.5,29.5,-94.3,70
260,868,DEAN,1989,0,17.3,-58.1,34,-64.9,44.1,-59.7,90
261,869,ERIN,1989,1,28.8,-44.5,34.1,-44.5,49.5,-33.5,90
262,870,FELIX,1989,1,36,-48.7,36.7,-48.3,38,-47.8,75
263,871,GABRIELLE,1989,0,11.5,-31.7,19.3,-55.7,39.1,-60.3,125
264,872,HUGO,1989,0,12.8,-43.5,14.6,-54.6,33.5,-80.3,140
265,874,JERRY,1989,0,28.1,-94.6,29.1,-95,29.1,-95,75
266,877,BERTHA,1990,3,30.2,-73.6,36.6,-67,44.2,-60.5,70
267,879,DIANA,1990,1,20.7,-94.7,20.9,-96.8,20.9,-96.8,85
268,882,GUSTAV,1990,0,14.5,-55.5,30.3,-57.5,42.1,-48.6,105
269,884,ISIDORE,1990,0,15.9,-36.8,18.5,-37.6,40.5,-48.5,85
270,885,JOSEPHINE,1990,1,30,-41.5,34.1,-38.4,38.9,-40,75
271,886,KLAUS,1990,0,17.2,-61.2,17.2,-61.2,17.7,-61.6,70
272,887,LILI,1990,3,31.2,-55.9,31.2,-55.9,33.2,-72.5,65
273,889,NANA,1990,3,22.8,-63.5,24.1,-63.8,28.9,-66.5,75
274,891,BOB,1991,3,29,-77.1,36.5,-74.5,41.4,-71.4,100
275,892,CLAUDETTE,1991,3,26.2,-58.8,27.2,-61.7,34.3,-57.4,115
276,896,GRACE,1991,3,31.6,-68.1,31.5,-63.2,32.5,-59,85
277,897,UNNAMED,1991,3,38.2,-66.5,38.2,-66.5,39.5,-65.7,65
278,899,ANDREW,1992,1,25.8,-68.3,25.4,-75.8,30.1,-91.7,135
279,900,BONNIE,1992,3,34.3,-58.1,37.5,-52.3,37.4,-51.4,95
280,901,CHARLEY,1992,3,34.7,-34.5,36.1,-33.8,36.6,-30.6,96
281,904,FRANCES,1992,3,28.7,-61.1,30.6,-58.8,37.7,-53.7,75
282,909,EMILY,1993,1,26.9,-61.7,34.5,-75.2,37.5,-57.7,100
283,910,FLOYD,1993,1,41.7,-58.3,48,-7.5,48,-5,70
284,911,GERT,1993,0,21.1,-95,21.3,-97,21.1,-98.3,85
285,912,HARVEY,1993,1,35.6,-55.2,35.6,-55.2,35.6,-55.2,65
286,915,CHRIS,1994,0,14.5,-46.8,17,-50.6,21.3,-55.6,70
287,918,FLORENCE,1994,3,28.1,-54,37,-49.9,44.2,-36.2,95
288,919,GORDON,1994,3,31.5,-74.8,33.1,-74.2,33.7,-75.7,75
289,920,ALLISON,1995,1,24.7,-86.2,24.7,-86.2,27.6,-86.1,65
290,924,ERIN,1995,0,23.6,-74.9,29.8,-86.6,30.6,-87.5,80
291,925,FELIX,1995,0,18.9,-52.4,24.3,-61,35.1,-67.5,120
292,927,HUMBERTO,1995,0,14.9,-38.3,15.7,-43.2,38.3,-39,95
293,928,IRIS,1995,0,15,-53.4,25.5,-58.8,48.9,-6.9,95
294,931,LUIS,1995,0,13.7,-37,17.4,-51.8,51.5,-48.5,120
295,932,MARILYN,1995,0,13,-57.7,19.7,-66.4,39.4,-60.6,100
296,933,NOEL,1995,0,15.2,-42.6,15.2,-42.6,32.4,-40.5,65
297,934,OPAL,1995,0,21,-92.3,27.3,-88.5,31,-86.8,130
298,936,ROXANNE,1995,0,19.2,-84.3,20,-87,20.6,-92.4,100
299,938,TANYA,1995,3,30.5,-54.9,33.8,-51.8,37.7,-37.9,75
300,940,BERTHA,1996,0,16.5,-58.4,20.3,-67.7,35,-77.6,100
301,941,CESAR,1996,0,11.6,-79.5,11.6,-79.5,12.3,-84.2,70
302,942,DOLLY,1996,0,19.2,-87.8,21.6,-97.7,21.6,-97.7,70
303,943,EDOUARD,1996,0,13.9,-38.3,15.4,-47,41.3,-67.3,125
304,944,FRAN,1996,0,16.4,-53.7,27,-74.7,35.2,-78.7,105
305,946,HORTENSE,1996,0,16.1,-64.5,25.9,-71.5,45.5,-61.5,120
306,947,ISIDORE,1996,0,11.7,-34.2,15.8,-42.9,22.6,-40.9,100
307,950,LILI,1996,1,19.6,-83.5,24.4,-74,40.5,-35.8,100
308,951,MARCO,1996,0,13.8,-78.5,13.8,-78.5,14.2,-77.8,65
309,954,BILL,1997,3,37.9,-61.1,37.9,-61.1,39.6,-58.4,65
310,956,DANNY,1997,3,29.2,-89.9,29.5,-89.4,30.4,-87.9,70
311,957,ERIKA,1997,0,15.2,-53.7,23.2,-62.5,37.1,-51.9,110
312,961,BONNIE,1998,0,21.1,-67.3,24.1,-71.5,36.7,-74.3,100
313,963,DANIELLE,1998,0,16.2,-43.3,18.4,-49.1,44.8,-48.5,90
314,964,EARL,1998,1,28.2,-89,28.7,-87.9,30.1,-85.7,85
315,966,GEORGES,1998,0,12.3,-40,16,-56.3,30.6,-88.9,135
316,968,IVAN,1998,1,29.6,-40.2,39.2,-36.3,40.7,-29.7,80
317,969,JEANNE,1998,0,13.1,-25.2,15.9,-33.4,36.2,-35.3,90
318,970,KARL,1998,3,30.4,-54,33.9,-47.3,39.1,-39,90
319,971,LISA,1998,1,41.6,-38.7,41.6,-38.7,47.1,-39.3,65
320,972,MITCH,1998,0,13.9,-77.8,16.9,-83.1,15.6,-85.7,155
321,973,NICOLE,1998,3,32.6,-42.6,35.1,-37.9,37,-35.5,75
322,975,BRET,1999,0,21.9,-94.5,25.5,-95.5,27,-97.9,125
323,976,CINDY,1999,0,14.2,-31.7,30.1,-58,37,-52.6,120
324,977,DENNIS,1999,0,23.8,-73.1,27.7,-77.3,35.1,-73.3,90
325,979,FLOYD,1999,0,19.3,-58.8,23.6,-70,35.7,-76.8,135
326,980,GERT,1999,0,15.9,-39.2,17.8,-50.8,40.3,-57.9,130
327,982,IRENE,1999,0,23.8,-82.2,34.8,-75.2,51,-45,95
328,983,JOSE,1999,0,14.9,-58.9,16.8,-61.1,32.2,-59.8,85
329,985,LENNY,1999,1,16,-78.6,17.4,-64.8,17.9,-62.8,135
330,1221,ALBERTO,2000,0,14.5,-33.2,35.9,-55.3,48.3,-39.5,110
331,1224,DEBBY,2000,0,15.4,-54,15.7,-56.3,19.5,-68.1,75
332,1226,FLORENCE,2000,3,30.1,-72.6,36.1,-61.8,36.1,-61.8,70
333,1227,GORDON,2000,1,25.2,-85.4,26.1,-84.9,28,-83.8,70
334,1229,ISAAC,2000,0,14.3,-33.2,26.6,-54.2,39.7,-47.9,120
335,1230,JOYCE,2000,0,12.4,-38.8,12.2,-42.5,10.5,-48.6,80
336,1231,KEITH,2000,0,17.9,-86.4,17.9,-87.2,22.6,-97.9,120
337,1233,MICHAEL,2000,3,30.1,-70.9,44,-58.5,51,-53.5,85
